{
  "project_info": {
    "project_number": "560128789501",
    "project_id": "shifood-e0b40",
    "storage_bucket": "shifood-e0b40.appspot.com"
  },
  "client": [
    {
      "client_info": {
        "mobilesdk_app_id": "1:560128789501:android:4e3093771c2c7d5ddfa794",
        "android_client_info": {
          "package_name": "com.example.shifood"
        }
      },
      "oauth_client": [
        {
          "client_id": "560128789501-t1qmoeq43molua2ghvnbme14c8nnm7u4.apps.googleusercontent.com",
          "client_type": 3
        }
      ],
      "api_key": [
        {
          "current_key": "AIzaSyB2ZBmfY4XxC2x69MKmK14IFZy7DNV92lQ"
        }
      ],
      "services": {
        "appinvite_service": {
          "other_platform_oauth_client": [
            {
              "client_id": "560128789501-t1qmoeq43molua2ghvnbme14c8nnm7u4.apps.googleusercontent.com",
              "client_type": 3
            }
          ]
        }
      }
    }
  ],
  "configuration_version": "1"
}